symbol,company_name,exchange,website,presentation_url,pdf_url,local_path,r2_url,found_via,score,file_size_kb,last_checked,error
ASM,Avino Silver & Gold Mines Ltd.,TSX,https://www.avino.com,,,,,not_found,0,0,2026-04-03T18:04:32.231457,
ABX,Barrick Mining Corporation,TSX,https://www.barrick.com,,,,,not_found,0,0,2026-04-03T18:04:32.228386,
AGI,Alamos Gold Inc.,TSX,https://alamosgold.com,,,,,not_found,0,0,2026-04-03T18:04:32.229486,
AEM,Agnico Eagle Mines Limited,TSX,https://www.agnicoeagle.com,,,,,not_found,0,0,2026-04-03T18:04:32.228801,
AAUC,Allied Gold Corporation,TSX,https://www.alliedgold.com/,,,,,not_found,0,0,2026-04-03T18:04:32.228135,
ARG,Amerigo Resources Ltd.,TSX,https://www.amerigoresources.com,https://www.amerigoresources.com/investors/overview/,https://www.amerigoresources.com/_resources/presentations/CRS-Deck-2025.pdf?v=0.379,C:\Users\Admin\Mineral Media\Mineral Media Shared Library - Documents\13 - DS AI\2. SEDAR+\3. Company Onboarding\Results\ARG\pdfs\Presentations\CRS-Deck-2025.pdf,https://pub-e6549556cd074443b759440dcb9b174f.r2.dev/onboarding/ARG/CRS-Deck-2025.pdf,sitemap,65,677,2026-04-03T18:04:32.230245,
BTO,B2Gold Corp.,TSX,https://www.b2gold.com,,,,,not_found,0,0,2026-04-03T18:04:40.900923,
ASCU,Arizona Sonoran Copper Company Inc.,TSX,https://www.arizonasonoran.com,https://arizonasonoran.com/investors/corporate-presentations/,https://arizonasonoran.com/site/assets/files/6584/2025-12-03_corporate_presentation.pdf,C:\Users\Admin\Mineral Media\Mineral Media Shared Library - Documents\13 - DS AI\2. SEDAR+\3. Company Onboarding\Results\ASCU\pdfs\Presentations\2025-12-03_corporate_presentation.pdf,https://pub-e6549556cd074443b759440dcb9b174f.r2.dev/onboarding/ASCU/2025-12-03_corporate_presentation.pdf,sitemap,100,6201,2026-04-03T18:04:32.230905,
AYA,Aya Gold & Silver Inc.,TSX,https://www.ayagoldsilver.com,,,,,not_found,0,0,2026-04-03T18:04:40.404681,
CG,Centerra Gold Inc.,TSX,https://www.centerragold.com,,,,,not_found,0,0,2026-04-03T18:04:47.830236,
CCO,Cameco Corporation,TSX,https://www.cameco.com,,,,,not_found,0,0,2026-04-03T18:04:41.642709,
AG,First Majestic Silver Corp.,TSX,https://www.firstmajestic.com,https://www.firstmajestic.com/investors/presentation/,https://www.firstmajestic.com/_resources/presentation/corporate-presentation.pdf?v=040310?v=0.4,C:\Users\Admin\Mineral Media\Mineral Media Shared Library - Documents\13 - DS AI\2. SEDAR+\3. Company Onboarding\Results\AG\pdfs\Presentations\2026-04-03_corporate-presentation.pdf,https://pub-e6549556cd074443b759440dcb9b174f.r2.dev/onboarding/AG/2026-04-03_corporate-presentation.pdf,sitemap,65,12680,2026-04-03T18:04:32.229236,
CGG,China Gold International Resources Corp. Ltd.,TSX,http://www.chinagoldintl.com,,,,,not_found,0,0,2026-04-03T18:04:48.439004,
APM,Andean Precious Metals Corp.,TSX,https://www.andeanpm.com,,,,,not_found,0,0,2026-04-03T18:04:32.229920,
EFR,Energy Fuels Inc.,TSX,https://www.energyfuels.com,,,,,not_found,0,0,2026-04-03T18:04:55.879917,
ELD,Eldorado Gold Corporation,TSX,https://www.eldoradogold.com,https://www.eldoradogold.com/investors/investor-overview,https://www.eldoradogold.com/sites/eldorado-gold/files/2026-03/ELD%20Investor%20Presentation_April%202026.pdf,C:\Users\Admin\Mineral Media\Mineral Media Shared Library - Documents\13 - DS AI\2. SEDAR+\3. Company Onboarding\Results\ELD\pdfs\Presentations\ELD%20Investor%20Presentation_April%202026.pdf,https://pub-e6549556cd074443b759440dcb9b174f.r2.dev/onboarding/ELD/ELD%20Investor%20Presentation_April%202026.pdf,sitemap,90,10441,2026-04-03T18:04:59.055412,
EQX,Equinox Gold Corp.,TSX,https://www.equinoxgold.com,https://www.equinoxgold.com/presentations/,https://www.equinoxgold.com/wp-content/uploads/2026/02/20260219-Equinox-Gold-February-Investor-Presentation.pdf,C:\Users\Admin\Mineral Media\Mineral Media Shared Library - Documents\13 - DS AI\2. SEDAR+\3. Company Onboarding\Results\EQX\pdfs\Presentations\20260219-Equinox-Gold-February-Investor-Presentation.pdf,https://pub-e6549556cd074443b759440dcb9b174f.r2.dev/onboarding/EQX/20260219-Equinox-Gold-February-Investor-Presentation.pdf,path_probe,120,7930,2026-04-03T18:05:02.173581,
ARIS,Aris Mining Corporation,TSX,https://www.aris-mining.com/,,,,,not_found,0,0,2026-04-03T18:04:32.230559,
ELO,Eloro Resources Ltd.,TSX,http://www.elororesources.com,,,,,not_found,0,0,2026-04-03T18:05:01.721647,
ERD,Erdene Resource Development Corporation,TSX,https://erdene.com,,,,,not_found,0,0,2026-04-03T18:05:04.510154,
ERO,Ero Copper Corp.,TSX,https://www.erocopper.com,,,,,not_found,0,0,2026-04-03T18:05:07.452562,
ETG,Entree Resources Ltd.,TSX,https://www.entreeresourcesltd.com,,,,,not_found,0,0,2026-04-03T18:05:16.364823,
AVL,Avalon Advanced Materials Inc.,TSX,https://www.avalonadvancedmaterials.com,,,,,not_found,0,0,2026-04-03T18:04:38.263149,
BSX,Belo Sun Mining Corp.,TSX,https://www.belosun.com,,,,,not_found,0,0,2026-04-03T18:04:40.840534,
DML,Denison Mines Corp.,TSX,https://www.denisonmines.com,,,,,not_found,0,0,2026-04-03T18:04:48.988735,
FM,First Quantum Minerals Ltd.,TSX,https://www.first-quantum.com,,,,,not_found,0,0,2026-04-03T18:05:28.083045,
DSV,Discovery Silver Corp.,TSX,https://www.discoverysilver.com,,,,,not_found,0,0,2026-04-03T18:04:54.517161,
EDR,Endeavour Silver Corp.,TSX,https://www.edrsilver.com,,,,,not_found,0,0,2026-04-03T18:04:55.511204,
FSY,Forsys Metals Corp.,TSX,https://www.forsysmetals.com,https://www.forsysmetals.com/corporate-presentations/,https://www.forsysmetals.com/wp-content/uploads/2026/02/ForsysCorporatePresentation-FEBRUARY-2026.pdf,C:\Users\Admin\Mineral Media\Mineral Media Shared Library - Documents\13 - DS AI\2. SEDAR+\3. Company Onboarding\Results\FSY\pdfs\Presentations\ForsysCorporatePresentation-FEBRUARY-2026.pdf,https://pub-e6549556cd074443b759440dcb9b174f.r2.dev/onboarding/FSY/ForsysCorporatePresentation-FEBRUARY-2026.pdf,path_probe,120,4649,2026-04-03T18:05:36.079775,
FF,First Mining Gold Corp.,TSX,http://www.firstmininggold.com,https://firstmininggold.com/investors/overview/,https://firstmininggold.com/_resources/presentations/corporate-presentation.pdf?v=040310,C:\Users\Admin\Mineral Media\Mineral Media Shared Library - Documents\13 - DS AI\2. SEDAR+\3. Company Onboarding\Results\FF\pdfs\Presentations\2026-04-03_corporate-presentation.pdf,https://pub-e6549556cd074443b759440dcb9b174f.r2.dev/onboarding/FF/2026-04-03_corporate-presentation.pdf,sitemap,65,7597,2026-04-03T18:05:24.612361,
GAU,Galiano Gold Inc.,TSX,https://www.galianogold.com,,,,,not_found,0,0,2026-04-03T18:05:48.365467,
DPM,DPM Metals Inc.,TSX,https://www.dundeeprecious.com,,,,,not_found,0,0,2026-04-03T18:04:51.087251,
GGD,GoGold Resources Inc.,TSX,https://www.gogoldresources.com,,,,,not_found,0,0,2026-04-03T18:05:49.353755,
GCU,Gunnison Copper Corp,TSX,https://www.gunnisoncopper.com,https://www.gunnisoncopper.com/,https://www.gunnisoncopper.com/images/pdf/Presentation/2026/20260401-GunnisonCuCorporatePresentation_April2026-Final.pdf,C:\Users\Admin\Mineral Media\Mineral Media Shared Library - Documents\13 - DS AI\2. SEDAR+\3. Company Onboarding\Results\GCU\pdfs\Presentations\20260401-GunnisonCuCorporatePresentation_April2026-Final.pdf,https://pub-e6549556cd074443b759440dcb9b174f.r2.dev/onboarding/GCU/20260401-GunnisonCuCorporatePresentation_April2026-Final.pdf,path_probe,140,4334,2026-04-03T18:05:48.602071,
GLO,Global Atomic Corporation,TSX,https://www.globalatomiccorp.com,,,,,not_found,0,0,2026-04-03T18:05:55.717735,
FDY,Faraday Copper Corp.,TSX,https://www.faradaycopper.com,,,,,not_found,0,0,2026-04-03T18:05:21.659798,
GMIN,G Mining Ventures Corp.,TSX,https://www.gminingventures.com,,,,,not_found,0,0,2026-04-03T18:05:58.036819,
FVL,Freegold Ventures Limited,TSX,https://www.freegoldventures.com,https://freegoldventures.com:443/,https://freegoldventures.com:443/site/assets/files/6482/fvldec_31_2025mdafinalmarch_30-_2026.pdf,,,path_probe,45,433,2026-04-03T18:05:40.734070,
FVI,Fortuna Mining Corp.,TSX,https://www.fortunamining.com,,,,,not_found,0,0,2026-04-03T18:05:40.311730,
GOLD,GoldMining Inc.,TSX,https://www.goldmining.com,,,,,not_found,0,0,2026-04-03T18:06:01.851617,
FURY,Fury Gold Mines Limited,TSX,https://www.furygoldmines.com,,,,,not_found,0,0,2026-04-03T18:05:39.129826,
HBM,Hudbay Minerals Inc.,TSX,http://www.hudbayminerals.com,,,,,not_found,0,0,2026-04-03T18:06:03.291577,
IAU,i-80 Gold Corp.,TSX,https://www.i80gold.com,https://www.i80gold.com/corporate-presentation/,https://www.i80gold.com/PDF/web/viewer.html?file=https://www.i80gold.com/wp-content/uploads/2022/11/i-80-Presentation-November-18-2022.pdf,,,path_probe,55,4,2026-04-03T18:06:10.257641,
ESM,Euro Sun Mining Inc.,TSX,https://eurosunmining.com,,,,,not_found,0,0,2026-04-03T18:05:08.230420,
HSLV,Highlander Silver Corp.,TSX,https://highlandersilver.com,,,,,not_found,0,0,2026-04-03T18:06:04.293624,
FOM,Foran Mining Corporation,TSX,https://www.foranmining.com,https://foranmining.com/,https://foranmining.com/wp-content/uploads/2022/09/Foran-Corporate-Presentation.pdf,C:\Users\Admin\Mineral Media\Mineral Media Shared Library - Documents\13 - DS AI\2. SEDAR+\3. Company Onboarding\Results\FOM\pdfs\Presentations\2026-04-03_Foran-Corporate-Presentation.pdf,https://pub-e6549556cd074443b759440dcb9b174f.r2.dev/onboarding/FOM/2026-04-03_Foran-Corporate-Presentation.pdf,path_probe,55,4608,2026-04-03T18:05:35.765722,
ITH,International Tower Hill Mines Ltd.,TSX,https://www.ithmines.com,,,,,not_found,0,0,2026-04-03T18:06:13.072058,
K,Kinross Gold Corporation,TSX,https://www.kinross.com,,,,,not_found,0,0,2026-04-03T18:06:20.409699,
LAC,Lithium Americas Corp.,TSX,https://www.lithiumamericas.com,,,,,not_found,0,0,2026-04-03T18:06:21.655766,
JAG,Jaguar Mining Inc.,TSX,https://www.jaguarmining.com,,,,,not_found,0,0,2026-04-03T18:06:19.575642,
III,Imperial Metals Corporation,TSX,https://www.imperialmetals.com,,,,,not_found,0,0,2026-04-03T18:06:11.550253,
LAR,Lithium Argentina AG,TSX,https://www.lithium-argentina.com,,,,,not_found,0,0,2026-04-03T18:06:23.706032,
KNT,K92 Mining Inc.,TSX,https://www.k92mining.com,https://www.k92mining.com/about/presentations,https://www.k92mining.com/site/assets/files/6248/k92_2025-05-26_human_rights_policy_-_final.pdf,,,path_probe,70,183,2026-04-03T18:06:21.338442,
ISO,IsoEnergy Ltd.,TSX,https://www.isoenergy.ca,https://www.isoenergy.ca/investors/presentations/,https://www.isoenergy.ca/_resources/presentations/corporate-presentation.pdf?v=040310?v=0.2,C:\Users\Admin\Mineral Media\Mineral Media Shared Library - Documents\13 - DS AI\2. SEDAR+\3. Company Onboarding\Results\ISO\pdfs\Presentations\2026-04-03_corporate-presentation.pdf,https://pub-e6549556cd074443b759440dcb9b174f.r2.dev/onboarding/ISO/2026-04-03_corporate-presentation.pdf,sitemap,65,10102,2026-04-03T18:06:11.781807,
MGA,Mega Uranium Ltd.,TSX,https://megauranium.com,,,,,not_found,0,0,2026-04-03T18:06:30.632468,
MUX,McEwen Inc.,TSX,https://www.mcewenmining.com,,,,,not_found,0,0,2026-04-03T18:06:33.741458,
LAM,Laramide Resources Ltd.,TSX,https://www.laramide.com,,,,,not_found,0,0,2026-04-03T18:06:23.689225,
LUN,Lundin Mining Corporation,TSX,https://www.lundinmining.com,https://www.lundinmining.com/investors/corporate-filings/,https://www.lundinmining.com/_resources/corporate-filings/LMC-Form-of-Proxy-2026.pdf?v=040310,,,sitemap,75,119,2026-04-03T18:06:29.174598,
NG,NovaGold Resources Inc.,TSX,https://www.novagold.com,,,,,not_found,0,0,2026-04-03T18:06:40.688699,
NDM,Northern Dynasty Minerals Ltd.,TSX,https://www.northerndynastyminerals.com,https://northerndynastyminerals.com:443/investors/presentations/,https://northerndynastyminerals.com:443/site/assets/files/5188/ndm_presentation_january_16_2026.pdf,C:\Users\Admin\Mineral Media\Mineral Media Shared Library - Documents\13 - DS AI\2. SEDAR+\3. Company Onboarding\Results\NDM\pdfs\Presentations\ndm_presentation_january_16_2026.pdf,https://pub-e6549556cd074443b759440dcb9b174f.r2.dev/onboarding/NDM/ndm_presentation_january_16_2026.pdf,path_probe,75,15169,2026-04-03T18:06:36.479529,
NUAG,New Pacific Metals Corp.,TSX,https://www.newpacificmetals.com,,,,,not_found,0,0,2026-04-03T18:06:42.687109,
NXE,NexGen Energy Ltd.,TSX,https://www.nexgenenergy.ca,,,,,not_found,0,0,2026-04-03T18:06:47.532238,
OGC,OceanaGold Corporation,TSX,https://www.oceanagold.com,,,,,not_found,0,0,2026-04-03T18:06:50.791578,
NGEX,NGEx Minerals Ltd.,TSX,https://ngexminerals.com,,,,,not_found,0,0,2026-04-03T18:06:42.665716,
LUG,Lundin Gold Inc.,TSX,https://www.lundingold.com,,,,,not_found,0,0,2026-04-03T18:06:28.324414,
ORV,Orvana Minerals Corp.,TSX,https://www.orvana.com,,,,,not_found,0,0,2026-04-03T18:07:02.480640,
OCG,Outcrop Silver & Gold Corporation,TSX,https://www.outcropsilver.com,,,,,not_found,0,0,2026-04-03T18:06:48.431918,
MARI,Marimaca Copper Corp.,TSX,https://www.marimaca.com,,,,,not_found,0,0,2026-04-03T18:06:29.753739,
MNO,Meridian Mining plc,TSX,https://www.meridianmining.co,,,,,not_found,0,0,2026-04-03T18:06:31.992312,
LGD,Liberty Gold Corp.,TSX,https://www.libertygold.ca,,,,,not_found,0,0,2026-04-03T18:06:27.389997,
PMET,PMET Resources Inc.,TSX,https://www.pmet.ca,,,,,not_found,0,0,2026-04-03T18:07:11.561006,
RM,Roxmore Resources Inc.,TSX,https://www.roxmoreresources.com,https://www.roxmoreresources.com/,https://cdn.prod.website-files.com/68fa002fb7797b67408f035b/69b80aa81d7e2542d8a5037c_RoxMore_Presentation_March_2026.pdf,C:\Users\Admin\Mineral Media\Mineral Media Shared Library - Documents\13 - DS AI\2. SEDAR+\3. Company Onboarding\Results\RM\pdfs\Presentations\69b80aa81d7e2542d8a5037c_RoxMore_Presentation_March_2026.pdf,https://pub-e6549556cd074443b759440dcb9b174f.r2.dev/onboarding/RM/69b80aa81d7e2542d8a5037c_RoxMore_Presentation_March_2026.pdf,path_probe,50,6071,2026-04-03T18:07:18.275783,
ORE,Orezone Gold Corporation,TSX,https://www.orezone.com,,,,,not_found,0,0,2026-04-03T18:07:00.825980,
OM,Osisko Metals Incorporated,TSX,https://www.osiskometals.com,https://osiskometals.com/presentations/,https://osiskometals.com/wp-content/uploads/2026/04/20260401_OM-Deck-April.pdf,C:\Users\Admin\Mineral Media\Mineral Media Shared Library - Documents\13 - DS AI\2. SEDAR+\3. Company Onboarding\Results\OM\pdfs\Presentations\20260401_OM-Deck-April.pdf,https://pub-e6549556cd074443b759440dcb9b174f.r2.dev/onboarding/OM/20260401_OM-Deck-April.pdf,path_probe,95,4042,2026-04-03T18:07:00.440452,
OLA,Orla Mining Ltd,TSX,https://www.orlamining.com,,,,,not_found,0,0,2026-04-03T18:06:55.306370,
GTWO,G2 Goldfields Inc.,TSX,https://www.g2goldfields.com,,,,,not_found,0,0,2026-04-03T18:06:02.547990,
RTG,RTG Mining Inc.,TSX,https://www.rtgmining.com,,,,,not_found,0,0,2026-04-03T18:07:20.904291,
SEA,Seabridge Gold Inc.,TSX,https://www.seabridgegold.com,https://www.seabridgegold.com/,https://cdn.prod.website-files.com/5f8f6760f825687e7c1c6508/69c18e5ded82e69c65be0e54_2026-03-Seabridge%20Investor%20Presentation%20-%20FINAL.pdf,C:\Users\Admin\Mineral Media\Mineral Media Shared Library - Documents\13 - DS AI\2. SEDAR+\3. Company Onboarding\Results\SEA\pdfs\Presentations\69c18e5ded82e69c65be0e54_2026-03-Seabridge%20Investor%20Presentation%20-%20FINAL.pdf,https://pub-e6549556cd074443b759440dcb9b174f.r2.dev/onboarding/SEA/69c18e5ded82e69c65be0e54_2026-03-Seabridge%20Investor%20Presentation%20-%20FINAL.pdf,path_probe,95,6683,2026-04-03T18:07:31.746508,
SLS,Solaris Resources Inc.,TSX,https://www.solarisresources.com,,,,,not_found,0,0,2026-04-03T18:07:39.750411,
SAU,St. Augustine Gold and Copper Limited,TSX,http://www.sagcmining.com,https://sagcmining.com/investors-portal/presentations/,https://sagcmining.com/wp-content/uploads/2025/10/SAU-Corporate-Presentation-September-2025.pdf.pdf,C:\Users\Admin\Mineral Media\Mineral Media Shared Library - Documents\13 - DS AI\2. SEDAR+\3. Company Onboarding\Results\SAU\pdfs\Presentations\SAU-Corporate-Presentation-September-2025.pdf.pdf,https://pub-e6549556cd074443b759440dcb9b174f.r2.dev/onboarding/SAU/SAU-Corporate-Presentation-September-2025.pdf.pdf,path_probe,120,1711,2026-04-03T18:07:29.922215,
SGD,Snowline Gold Corp.,TSX,https://www.snowlinegold.com,https://www.snowlinegold.com/,https://cdn.prod.website-files.com/68a4efe604ec81b5bb8528eb/6998afacad2b54cfe43bbe51_Investor%20Presentation%20-%20Q1%202026%20-%20NL-V2-lr.pdf,C:\Users\Admin\Mineral Media\Mineral Media Shared Library - Documents\13 - DS AI\2. SEDAR+\3. Company Onboarding\Results\SGD\pdfs\Presentations\6998afacad2b54cfe43bbe51_Investor%20Presentation%20-%20Q1%202026%20-%20NL-V2-lr.pdf,https://pub-e6549556cd074443b759440dcb9b174f.r2.dev/onboarding/SGD/6998afacad2b54cfe43bbe51_Investor%20Presentation%20-%20Q1%202026%20-%20NL-V2-lr.pdf,path_probe,55,8724,2026-04-03T18:07:36.771050,
STLR,STLLR Gold Inc.,TSX,https://www.stllrgold.com,,,,,not_found,0,0,2026-04-03T18:07:43.282738,
SXGC,Southern Cross Gold Consolidated Ltd.,TSX,https://www.southerncrossgold.com,,,,,not_found,0,0,2026-04-03T18:07:47.633641,
SVM,Silvercorp Metals Inc.,TSX,http://www.silvercorp.ca,,,,,not_found,0,0,2026-04-03T18:07:45.032773,
PPTA,Perpetua Resources Corp.,TSX,https://www.perpetuaresources.com,,,,,not_found,0,0,2026-04-03T18:07:14.526999,
TKO,Taseko Mines Limited,TSX,https://www.tasekomines.com,,,,,not_found,0,0,2026-04-03T18:07:48.754717,
SKE,Skeena Resources Limited,TSX,https://www.skeenaresources.com,,,,,not_found,0,0,2026-04-03T18:07:39.202489,
RUA,Rua Gold Inc.,TSX,https://www.ruagold.com,,,,,not_found,0,0,2026-04-03T18:07:26.002002,
URE,Ur-Energy Inc.,TSX,https://www.ur-energy.com,https://www.ur-energy.com/investors/overview,https://d1io3yog0oux5.cloudfront.net/_bd89be048e467c2d8eb57eb3c03b14b7/urenergy/db/640/5644/pdf/Corporate+Presentation+-+March+2026v3.1+FINAL.pdf,C:\Users\Admin\Mineral Media\Mineral Media Shared Library - Documents\13 - DS AI\2. SEDAR+\3. Company Onboarding\Results\URE\pdfs\Presentations\Corporate+Presentation+-+March+2026v3.1+FINAL.pdf,https://pub-e6549556cd074443b759440dcb9b174f.r2.dev/onboarding/URE/Corporate+Presentation+-+March+2026v3.1+FINAL.pdf,sitemap,65,1310,2026-04-03T18:08:10.332080,
SSRM,SSR Mining Inc.,TSX,https://www.ssrmining.com,https://www.ssrmining.com/,https://www.ssrmining.com/_resources/news/nr-20260217.pdf?v1,C:\Users\Admin\Mineral Media\Mineral Media Shared Library - Documents\13 - DS AI\2. SEDAR+\3. Company Onboarding\Results\SSRM\pdfs\Presentations\nr-20260217.pdf,https://pub-e6549556cd074443b759440dcb9b174f.r2.dev/onboarding/SSRM/nr-20260217.pdf,path_probe,25,1112,2026-04-03T18:07:40.040766,
TXG,Torex Gold Resources Inc.,TSX,https://www.torexgold.com,,,,,not_found,0,0,2026-04-03T18:08:01.910948,
TMQ,Trilogy Metals Inc.,TSX,https://www.trilogymetals.com,,,,,not_found,0,0,2026-04-03T18:07:57.593989,
WDO,Wesdome Gold Mines Ltd.,TSX,https://www.wesdome.com,,,,,not_found,0,0,2026-04-03T18:08:18.320965,
STGO,Steppe Gold Ltd.,TSX,https://www.steppegold.com,,,,,not_found,0,0,2026-04-03T18:07:42.411954,
TSK,Talisker Resources Ltd.,TSX,https://www.taliskerresources.com,,,,,not_found,0,0,2026-04-03T18:08:00.410883,
ADE,Adex Mining Inc.,TSXV,http://www.adexmining.com,,,,,not_found,0,0,2026-04-03T18:08:28.662431,
WRN,Western Copper and Gold Corporation,TSX,https://www.westerncopperandgold.com,,,,,not_found,0,0,2026-04-03T18:08:25.559317,
VZLA,Vizsla Silver Corp.,TSX,https://vizslasilvercorp.com,,,,,not_found,0,0,2026-04-03T18:08:15.774437,
RUP,Rupert Resources Ltd.,TSX,https://www.rupertresources.com,,,,,not_found,0,0,2026-04-03T18:07:27.994228,
USA,Americas Gold and Silver Corporation,TSX,https://www.americas-gold.com,,,,,not_found,0,0,2026-04-03T18:08:15.765779,
WM,Wallbridge Mining Company Limited,TSX,https://www.wallbridgemining.com,,,,,not_found,0,0,2026-04-03T18:08:18.329442,
ABI,Abcourt Mines Inc.,TSXV,https://www.abcourt.ca,https://www.abcourt.ca/,https://www.abcourt.ca/wp-content/uploads/2026/03/2026-03-25-Abcourt-Investor-Presentation-2026-02-rev1-2-1-1.pdf,C:\Users\Admin\Mineral Media\Mineral Media Shared Library - Documents\13 - DS AI\2. SEDAR+\3. Company Onboarding\Results\ABI\pdfs\Presentations\2026-03-25-Abcourt-Investor-Presentation-2026-02-rev1-2-1-1.pdf,https://pub-e6549556cd074443b759440dcb9b174f.r2.dev/onboarding/ABI/2026-03-25-Abcourt-Investor-Presentation-2026-02-rev1-2-1-1.pdf,path_probe,155,3639,2026-04-03T18:08:26.776621,
AEC,Anfield Energy Inc.,TSXV,https://anfieldenergy.com,,,,,not_found,0,0,2026-04-03T18:08:32.606677,
ASE,Asante Gold Corporation,TSXV,https://www.asantegold.com,,,,,not_found,0,0,2026-04-03T18:08:43.261452,
AFM,Alphamin Resources Corp.,TSXV,https://www.alphaminresources.com,https://www.alphaminresources.com/corporate-presentations/,https://alphaminresources.com/wp-content/uploads/2021/03/Q4-2020-Investor-Presentation_Master.pdf,C:\Users\Admin\Mineral Media\Mineral Media Shared Library - Documents\13 - DS AI\2. SEDAR+\3. Company Onboarding\Results\AFM\pdfs\Presentations\Q4-2020-Investor-Presentation_Master.pdf,https://pub-e6549556cd074443b759440dcb9b174f.r2.dev/onboarding/AFM/Q4-2020-Investor-Presentation_Master.pdf,path_probe,80,1624,2026-04-03T18:08:35.586648,
ALDE,Aldebaran Resources Inc.,TSXV,https://aldebaranresources.com,,,,,not_found,0,0,2026-04-03T18:08:35.953312,
AMX,Amex Exploration Inc.,TSXV,https://www.amexexploration.com,,,,,not_found,0,0,2026-04-03T18:08:36.852840,
ARTG,Artemis Gold Inc.,TSXV,https://www.artemisgoldinc.com,,,,,not_found,0,0,2026-04-03T18:08:41.801296,
APGO,Apollo Silver Corp.,TSXV,https://www.apollosilver.com,,,,,not_found,0,0,2026-04-03T18:08:38.796348,
BRAU,Big Ridge Gold Corp.,TSXV,https://www.bigridgegold.com,,,,,not_found,0,0,2026-04-03T18:08:59.411757,
BMM,Black Mammoth Metals Corporation,TSXV,https://www.blackmammothmetals.com,,,,,not_found,0,0,2026-04-03T18:08:56.911474,
BSK,Blue Sky Uranium Corp.,TSXV,https://www.blueskyuranium.com,https://blueskyuranium.com/investors/presentations/,https://blueskyuranium.com/site/assets/files/6522/bsk_pp_pdac_2026_v1.pdf,C:\Users\Admin\Mineral Media\Mineral Media Shared Library - Documents\13 - DS AI\2. SEDAR+\3. Company Onboarding\Results\BSK\pdfs\Presentations\bsk_pp_pdac_2026_v1.pdf,https://pub-e6549556cd074443b759440dcb9b174f.r2.dev/onboarding/BSK/bsk_pp_pdac_2026_v1.pdf,sitemap,65,4236,2026-04-03T18:09:19.863681,
ATX,ATEX Resources Inc.,TSXV,https://www.atexresources.com,https://atexresources.com/,https://atexresources.com/_resources/presentations/corporate-presentation.pdf,C:\Users\Admin\Mineral Media\Mineral Media Shared Library - Documents\13 - DS AI\2. SEDAR+\3. Company Onboarding\Results\ATX\pdfs\Presentations\2026-04-03_corporate-presentation.pdf,https://pub-e6549556cd074443b759440dcb9b174f.r2.dev/onboarding/ATX/2026-04-03_corporate-presentation.pdf,path_probe,65,5871,2026-04-03T18:08:44.586831,
BOL,Bold Ventures Inc.,TSXV,http://www.boldventuresinc.com,https://www.boldventuresinc.com/,https://www.boldventuresinc.com/wp-content/uploads/2026/01/Bold-Ventures-Presentation-Jan26.pdf,C:\Users\Admin\Mineral Media\Mineral Media Shared Library - Documents\13 - DS AI\2. SEDAR+\3. Company Onboarding\Results\BOL\pdfs\Presentations\2026-04-03_Bold-Ventures-Presentation-Jan26.pdf,https://pub-e6549556cd074443b759440dcb9b174f.r2.dev/onboarding/BOL/2026-04-03_Bold-Ventures-Presentation-Jan26.pdf,path_probe,50,5614,2026-04-03T18:08:57.008109,
BYN,Banyan Gold Corp.,TSXV,https://www.banyangold.com,http://banyangold.com/investors/presentations/,http://banyangold.com/site/assets/files/4671/banyan_corporate_presentation-1.pdf,C:\Users\Admin\Mineral Media\Mineral Media Shared Library - Documents\13 - DS AI\2. SEDAR+\3. Company Onboarding\Results\BYN\pdfs\Presentations\2026-04-03_banyan_corporate_presentation-1.pdf,https://pub-e6549556cd074443b759440dcb9b174f.r2.dev/onboarding/BYN/2026-04-03_banyan_corporate_presentation-1.pdf,sitemap,65,5698,2026-04-03T18:09:25.200150,
AUMB,1911 Gold Corporation,TSXV,https://www.1911gold.com,https://www.1911gold.com/investors/overview/,https://www.1911gold.com/_resources/presentations/PEA-Webinar-Presentation.pdf?v=0.489,C:\Users\Admin\Mineral Media\Mineral Media Shared Library - Documents\13 - DS AI\2. SEDAR+\3. Company Onboarding\Results\AUMB\pdfs\Presentations\2026-04-03_PEA-Webinar-Presentation.pdf,https://pub-e6549556cd074443b759440dcb9b174f.r2.dev/onboarding/AUMB/2026-04-03_PEA-Webinar-Presentation.pdf,sitemap,65,7383,2026-04-03T18:08:48.374278,
CAPT,Capitan Silver Corp.,TSXV,https://www.capitanmining.com,,,,,not_found,0,0,2026-04-03T18:09:34.863500,
BRW,Brunswick Exploration Inc.,TSXV,https://brwexplo.ca/,,,,,not_found,0,0,2026-04-03T18:09:17.738581,
AUXX,Gold X2 Mining Inc.,TSXV,https://www.goldx2.com,,,,,not_found,0,0,2026-04-03T18:08:52.710681,
BZ,Benz Mining Corp.,TSXV,http://www.benzmining.com,,,,,not_found,0,0,2026-04-03T18:09:27.876388,
CGNT,Copper Giant Resources Corp.,TSXV,http://www.liberocopper.com,,,,,not_found,0,0,2026-04-03T18:09:40.555312,
CBR,Cabral Gold Inc.,TSXV,https://www.cabralgold.com,,,,,not_found,0,0,2026-04-03T18:09:35.197816,
DEF,Defiance Silver Corp.,TSXV,https://www.defiancesilver.com,https://www.defiancesilver.com/,https://cdn.prod.website-files.com/66d64af723d92f9e33ccfdd3/69821d9376c5900019352840_Corporate%20Presentation-Defiance%20Silver%20Corp.pdf,C:\Users\Admin\Mineral Media\Mineral Media Shared Library - Documents\13 - DS AI\2. SEDAR+\3. Company Onboarding\Results\DEF\pdfs\Presentations\2026-04-03_69821d9376c5900019352840_Corporate%20Presentation-Defiance%20Silver%20Corp.pdf,https://pub-e6549556cd074443b759440dcb9b174f.r2.dev/onboarding/DEF/2026-04-03_69821d9376c5900019352840_Corporate%20Presentation-Defiance%20Silver%20Corp.pdf,path_probe,55,5020,2026-04-03T18:09:50.923687,
CAMB,Cambria Gold Mines Inc.,TSXV,https://www.ascotgold.com,,,,,not_found,0,0,2026-04-03T18:09:34.356585,
CRE,Critical Elements Lithium Corporation,TSXV,https://www.cecorp.ca,,,,,not_found,0,0,2026-04-03T18:09:45.153958,
COR,Camino Minerals Corporation,TSXV,https://www.caminocorp.com,,,,,not_found,0,0,2026-04-03T18:09:42.972409,
CKG,Chesapeake Gold Corp.,TSXV,https://chesapeakegold.com,,,,,not_found,0,0,2026-04-03T18:09:41.672519,
CUU,Copper Fox Metals Inc.,TSXV,https://www.copperfoxmetals.com,,,,,not_found,0,0,2026-04-03T18:09:47.391429,
ELBM,Electra Battery Materials Corporation,TSXV,https://www.electrabmc.com,,,,,not_found,0,0,2026-04-03T18:09:59.869101,
ECU,Element 29 Resources Inc.,TSXV,https://www.e29copper.com,,,,,not_found,0,0,2026-04-03T18:09:58.912493,
DBG,Doubleview Gold Corp.,TSXV,https://www.doubleview.ca,,,,,not_found,0,0,2026-04-03T18:09:48.666653,
EDCU,Edge Copper Corporation,TSXV,http://www.plminerals.com,https://www.plminerals.com/investors/corporate-presentation/,https://wp-edgecopper-2025.s3.ca-central-1.amazonaws.com/media/2026/03/Edge_Copper_Corporate_Presentation_March_-23-2026-Revised.pdf,C:\Users\Admin\Mineral Media\Mineral Media Shared Library - Documents\13 - DS AI\2. SEDAR+\3. Company Onboarding\Results\EDCU\pdfs\Presentations\Edge_Copper_Corporate_Presentation_March_-23-2026-Revised.pdf,https://pub-e6549556cd074443b759440dcb9b174f.r2.dev/onboarding/EDCU/Edge_Copper_Corporate_Presentation_March_-23-2026-Revised.pdf,path_probe,140,2886,2026-04-03T18:09:59.544915,
EMO,Emerita Resources Corp.,TSXV,https://www.emeritaresources.com,https://www.emeritaresources.com/investors/presentations/,https://www.emeritaresources.com/_resources/presentations/corporate-presentation.pdf?v=040310?v=0.2,C:\Users\Admin\Mineral Media\Mineral Media Shared Library - Documents\13 - DS AI\2. SEDAR+\3. Company Onboarding\Results\EMO\pdfs\Presentations\2026-04-03_corporate-presentation.pdf,https://pub-e6549556cd074443b759440dcb9b174f.r2.dev/onboarding/EMO/2026-04-03_corporate-presentation.pdf,sitemap,65,3714,2026-04-03T18:10:14.910216,
FL,Frontier Lithium Inc.,TSXV,https://www.frontierlithium.com,,,,,not_found,0,0,2026-04-03T18:10:21.588931,
DMX,District Metals Corp.,TSXV,https://www.districtmetals.com,,,,,not_found,0,0,2026-04-03T18:09:52.999088,
ETL,E3 Lithium Ltd.,TSXV,https://www.e3lithium.ca,,,,,not_found,0,0,2026-04-03T18:10:16.515909,
FMT,Fuerte Metals Corporation.,TSXV,https://www.atacamacopper.ca,,,,,not_found,0,0,2026-04-03T18:10:22.966882,
EXN,Excellon Resources Inc.,TSXV,https://www.excellonresources.com,https://excellonresources.com/investors/presentations/,https://excellonresources.com/_resources/presentation/corporate-presentation.pdf?v=0.78,C:\Users\Admin\Mineral Media\Mineral Media Shared Library - Documents\13 - DS AI\2. SEDAR+\3. Company Onboarding\Results\EXN\pdfs\Presentations\2026-04-03_corporate-presentation.pdf,https://pub-e6549556cd074443b759440dcb9b174f.r2.dev/onboarding/EXN/2026-04-03_corporate-presentation.pdf,path_probe,90,4367,2026-04-03T18:10:18.596040,
FUU,F3 Uranium Corp.,TSXV,https://www.fission3corp.com,,,,,not_found,0,0,2026-04-03T18:10:30.105659,
EU,Encore Energy Corp.,TSXV,https://www.encoreuranium.com,https://encoreuranium.com/investors/presentations/,https://encoreuranium.com/wp-content/uploads/2026/03/enCore-Energy-Corporate-Deck-March-27-2026.pdf,C:\Users\Admin\Mineral Media\Mineral Media Shared Library - Documents\13 - DS AI\2. SEDAR+\3. Company Onboarding\Results\EU\pdfs\Presentations\enCore-Energy-Corporate-Deck-March-27-2026.pdf,https://pub-e6549556cd074443b759440dcb9b174f.r2.dev/onboarding/EU/enCore-Energy-Corporate-Deck-March-27-2026.pdf,path_probe,145,13256,2026-04-03T18:10:16.526048,
ECR,Cartier Resources Inc.,TSXV,http://www.ressourcescartier.com,,,,,not_found,0,0,2026-04-03T18:09:58.525746,
FTUR,Future Fuels Inc.,TSXV,https://www.futurefuelsinc.com,,,,,not_found,0,0,2026-04-03T18:10:27.271364,
FPC,Falco Resources Ltd.,TSXV,https://www.falcores.com,,,,,not_found,0,0,2026-04-03T18:10:23.646160,
GG,Golconda Gold Ltd.,TSXV,https://www.golcondagold.com,,,,,not_found,0,0,2026-04-03T18:10:37.970480,
GSKR,Goldsky Resources Corp.,TSXV,http://www.barseleminerals.com,,,,,not_found,0,0,2026-04-03T18:10:47.521473,
GGA,Goldgroup Mining Inc.,TSXV,https://www.goldgroupmining.com,,,,,not_found,0,0,2026-04-03T18:10:40.632902,
HHH,Helius Minerals Limited,TSXV,https://www.altnev.com,,,,,not_found,0,0,2026-04-03T18:10:50.504738,
GSVR,Guanajuato Silver Company Ltd.,TSXV,https://www.gsilver.com,https://www.gsilver.com/,https://www.gsilver.com/images/pdf/corporate_presentation/2026/GSilver_Presentation_March_24_2026.pdf,C:\Users\Admin\Mineral Media\Mineral Media Shared Library - Documents\13 - DS AI\2. SEDAR+\3. Company Onboarding\Results\GSVR\pdfs\Presentations\GSilver_Presentation_March_24_2026.pdf,https://pub-e6549556cd074443b759440dcb9b174f.r2.dev/onboarding/GSVR/GSilver_Presentation_March_24_2026.pdf,path_probe,105,4127,2026-04-03T18:10:49.552380,
GQC,GoldQuest Mining Corp.,TSXV,https://www.goldquestcorp.com,https://www.goldquestcorp.com/,https://www.goldquestcorp.com/images/pdf/presentation/2026/20260326_GQC%20Corporate%20Presentation.F.pdf,C:\Users\Admin\Mineral Media\Mineral Media Shared Library - Documents\13 - DS AI\2. SEDAR+\3. Company Onboarding\Results\GQC\pdfs\Presentations\20260326_GQC%20Corporate%20Presentation.F.pdf,https://pub-e6549556cd074443b759440dcb9b174f.r2.dev/onboarding/GQC/20260326_GQC%20Corporate%20Presentation.F.pdf,path_probe,95,7451,2026-04-03T18:10:47.508071,
HI,Highland Copper Company Inc.,TSXV,https://www.highlandcopper.com,https://www.highlandcopper.com/,https://www.highlandcopper.com/wp-content/uploads/2026/02/Highland-Copper-Corporate-Presentation-2026.2.24-PDAC.pdf,C:\Users\Admin\Mineral Media\Mineral Media Shared Library - Documents\13 - DS AI\2. SEDAR+\3. Company Onboarding\Results\HI\pdfs\Presentations\Highland-Copper-Corporate-Presentation-2026.2.24-PDAC.pdf,https://pub-e6549556cd074443b759440dcb9b174f.r2.dev/onboarding/HI/Highland-Copper-Corporate-Presentation-2026.2.24-PDAC.pdf,path_probe,95,2472,2026-04-03T18:10:52.324780,
HSTR,Heliostar Metals Ltd.,TSXV,https://www.heliostarmetals.com/,,,,,not_found,0,0,2026-04-03T18:10:56.875113,
GGO,Galleon Gold Corp.,TSXV,https://www.galleongold.com,,,,,not_found,0,0,2026-04-03T18:10:44.401937,
HLU,Homeland Uranium Corp.,TSXV,https://www.homeland-uranium.com,,,,,not_found,0,0,2026-04-03T18:10:55.111240,
HAR,Harfang Exploration inc.,TSXV,https://www.harfangexploration.com,,,,,not_found,0,0,2026-04-03T18:10:49.637360,
KTN,Kootenay Silver Inc.,TSXV,https://www.kootenaysilver.com,,,,,not_found,0,0,2026-04-03T18:11:13.736233,
LBNK,LithiumBank Resources Corp.,TSXV,https://www.lithiumbank.ca,https://www.lithiumbank.ca/,https://cdn.prod.website-files.com/659bb4279842c79d410c6dca/6965380155e56571a6d75034_LBNK-Presentation-12.01.2026_RS.pdf,C:\Users\Admin\Mineral Media\Mineral Media Shared Library - Documents\13 - DS AI\2. SEDAR+\3. Company Onboarding\Results\LBNK\pdfs\Presentations\6965380155e56571a6d75034_LBNK-Presentation-12.01.2026_RS.pdf,https://pub-e6549556cd074443b759440dcb9b174f.r2.dev/onboarding/LBNK/6965380155e56571a6d75034_LBNK-Presentation-12.01.2026_RS.pdf,path_probe,50,2452,2026-04-03T18:11:24.262110,
KRY,Koryx Copper S.A.,TSXV,https://www.koryxcopper.com,,,,,not_found,0,0,2026-04-03T18:11:10.546928,
LA,Los Andes Copper Ltd.,TSXV,https://www.losandescopper.com,,,,,not_found,0,0,2026-04-03T18:11:20.312438,
KDK,Kodiak Copper Corp.,TSXV,https://www.kodiakcoppercorp.com,,,,,not_found,0,0,2026-04-03T18:11:07.599565,
LG,Lahontan Gold Corp.,TSXV,https://www.lahontangoldcorp.com,,,,,not_found,0,0,2026-04-03T18:11:26.438037,
KCC,Kincora Copper Limited,TSXV,https://www.kincoracopper.com,,,,,not_found,0,0,2026-04-03T18:11:06.807579,
ITR,Integra Resources Corp.,TSXV,https://www.integraresources.com,,,,,not_found,0,0,2026-04-03T18:11:00.659671,
LIFT,Li-FT Power Ltd.,TSXV,https://www.li-ft.com,,,,,not_found,0,0,2026-04-03T18:11:42.124427,
LIT,Argentina Lithium & Energy Corp.,TSXV,https://www.argentinalithium.com,https://argentinalithium.com/investors/presentations/,https://argentinalithium.com/site/assets/files/6702/lit-ppt-april-2026-v1.pdf,C:\Users\Admin\Mineral Media\Mineral Media Shared Library - Documents\13 - DS AI\2. SEDAR+\3. Company Onboarding\Results\LIT\pdfs\Presentations\lit-ppt-april-2026-v1.pdf,https://pub-e6549556cd074443b759440dcb9b174f.r2.dev/onboarding/LIT/lit-ppt-april-2026-v1.pdf,sitemap,65,2925,2026-04-03T18:11:49.125977,
LGC,Lavras Gold Corp.,TSXV,https://www.lavrasgold.com,,,,,not_found,0,0,2026-04-03T18:11:34.072770,
LIO,Lion One Metals Limited,TSXV,https://www.liononemetals.com,,,,,not_found,0,0,2026-04-03T18:11:45.213354,
LI,American Lithium Corp.,TSXV,https://www.americanlithiumcorp.com,,,,,not_found,0,0,2026-04-03T18:11:35.236279,
KC,Kutcho Copper Corp.,TSXV,https://www.kutcho.ca,,,,,not_found,0,0,2026-04-03T18:11:02.862813,
LTH,Lithium Ionic Corp.,TSXV,https://lithiumionic.com/,,,,,not_found,0,0,2026-04-03T18:11:59.170307,
LMS,Latin Metals Inc.,TSXV,https://www.latin-metals.com,,,,,not_found,0,0,2026-04-03T18:11:57.977515,
LUCA,Luca Mining Corp.,TSXV,https://www.lucamining.com,,,,,not_found,0,0,2026-04-03T18:11:59.449506,
MGM,Maple Gold Mines Ltd.,TSXV,https://www.maplegoldmines.com,,,,,not_found,0,0,2026-04-03T18:12:12.865612,
MJS,Majestic Gold Corp.,TSXV,https://www.majesticgold.com,,,,,not_found,0,0,2026-04-03T18:12:14.075879,
MAI,Minera Alamos Inc.,TSXV,https://www.mineraalamos.com,,,,,not_found,0,0,2026-04-03T18:12:04.734663,
LITH,Lithium Chile Inc.,TSXV,https://www.lithiumchile.ca,https://lithiumchile.ca/,https://lithiumchile.ca/wp-content/uploads/2025/11/Lithium-Chile-Presentation-October-2025.pdf,C:\Users\Admin\Mineral Media\Mineral Media Shared Library - Documents\13 - DS AI\2. SEDAR+\3. Company Onboarding\Results\LITH\pdfs\Presentations\Lithium-Chile-Presentation-October-2025.pdf,https://pub-e6549556cd074443b759440dcb9b174f.r2.dev/onboarding/LITH/Lithium-Chile-Presentation-October-2025.pdf,path_probe,70,1393,2026-04-03T18:11:57.353453,
MKO,Mako Mining Corp.,TSXV,https://www.makominingcorp.com,https://makominingcorp.com/investors/presentations/,https://makominingcorp.com/_resources/presentations/2025-09-Mt-Hamilton-Acquisition.pdf?v=040310,C:\Users\Admin\Mineral Media\Mineral Media Shared Library - Documents\13 - DS AI\2. SEDAR+\3. Company Onboarding\Results\MKO\pdfs\Presentations\2025-09-Mt-Hamilton-Acquisition.pdf,https://pub-e6549556cd074443b759440dcb9b174f.r2.dev/onboarding/MKO/2025-09-Mt-Hamilton-Acquisition.pdf,path_probe,95,1790,2026-04-03T18:12:19.186367,
MFG,Mayfair Gold Corp.,TSXV,https://www.mayfairgold.ca,,,,,not_found,0,0,2026-04-03T18:12:09.397923,
MMG,Metallic Minerals Corp.,TSXV,https://www.metallic-minerals.com,,,,,not_found,0,0,2026-04-03T18:12:26.312079,
MMY,Monument Mining Limited,TSXV,http://www.monumentmining.com,,,,,not_found,0,0,2026-04-03T18:12:28.544348,
LCE,Century Lithium Corp.,TSXV,https://www.centurylithium.com,https://www.centurylithium.com/investors/investors-overview/,https://www.centurylithium.com/_resources/presentations/corporate-presentation.pdf,C:\Users\Admin\Mineral Media\Mineral Media Shared Library - Documents\13 - DS AI\2. SEDAR+\3. Company Onboarding\Results\LCE\pdfs\Presentations\2026-04-03_corporate-presentation.pdf,https://pub-e6549556cd074443b759440dcb9b174f.r2.dev/onboarding/LCE/2026-04-03_corporate-presentation.pdf,sitemap,65,3775,2026-04-03T18:11:26.402588,
NCAU,Newcore Gold Ltd.,TSXV,https://www.newcoregold.com,,,,,not_found,0,0,2026-04-03T18:12:41.152487,
MSR,Minsud Resources Corp.,TSXV,https://www.minsud.com,,,,,not_found,0,0,2026-04-03T18:12:36.778286,
MOON,Blue Moon Metals Inc.,TSXV,https://www.bluemoonmetals.com,,,,,not_found,0,0,2026-04-03T18:12:33.338130,
NOAL,NOA Lithium Brines Inc,TSXV,https://www.noalithium.com,,,,,not_found,0,0,2026-04-03T18:12:55.456511,
NAU,Nevgold Corp.,TSXV,https://www.nev-gold.com,,,,,not_found,0,0,2026-04-03T18:12:36.933074,
PAAS,Pan American Silver Corp.,TSX,https://www.panamericansilver.com,https://panamericansilver.com/invest/events-and-presentations/,https://panamericansilver.com/wp-content/uploads/2026/03/PAAS-Investor-Presentation_March_2026.pdf,C:\Users\Admin\Mineral Media\Mineral Media Shared Library - Documents\13 - DS AI\2. SEDAR+\3. Company Onboarding\Results\PAAS\pdfs\Presentations\PAAS-Investor-Presentation_March_2026.pdf,https://pub-e6549556cd074443b759440dcb9b174f.r2.dev/onboarding/PAAS/PAAS-Investor-Presentation_March_2026.pdf,path_probe,120,3826,2026-04-03T18:07:09.445411,
NCX,NorthIsle Copper and Gold Inc.,TSXV,http://www.northisle.ca,https://www.northisle.ca/presentations/,http://www.northisle.ca/wp-content/uploads/2026/03/2026-NCX-Corporate-Presentation-Mar-2026.pdf,C:\Users\Admin\Mineral Media\Mineral Media Shared Library - Documents\13 - DS AI\2. SEDAR+\3. Company Onboarding\Results\NCX\pdfs\Presentations\2026-NCX-Corporate-Presentation-Mar-2026.pdf,https://pub-e6549556cd074443b759440dcb9b174f.r2.dev/onboarding/NCX/2026-NCX-Corporate-Presentation-Mar-2026.pdf,path_probe,140,5181,2026-04-03T18:12:42.605555,
NEXG,NeXGold Mining Corp.,TSXV,https://www.treasurymetals.com,,,,,not_found,0,0,2026-04-03T18:12:52.007797,
IVN,Ivanhoe Mines Ltd.,TSX,https://www.ivanhoemines.com,https://www.ivanhoemines.com/presentations/ivanhoe-mines-investor-presentation-january-2025/,https://www.ivanhoemines.com/wp-content/uploads/2025-01-08-IVN-Investor-Presentation_c-002.pdf,C:\Users\Admin\Mineral Media\Mineral Media Shared Library - Documents\13 - DS AI\2. SEDAR+\3. Company Onboarding\Results\IVN\pdfs\Presentations\2025-01-08-IVN-Investor-Presentation_c-002.pdf,https://pub-e6549556cd074443b759440dcb9b174f.r2.dev/onboarding/IVN/2025-01-08-IVN-Investor-Presentation_c-002.pdf,sitemap,70,20164,2026-04-03T18:06:14.191030,
NFG,New Found Gold Corp.,TSXV,https://www.newfoundgold.ca,,,,,not_found,0,0,2026-04-03T18:12:53.697039,
ODV,Osisko Development Corp.,TSXV,https://www.osiskodev.com,,,,,not_found,0,0,2026-04-03T18:13:06.234964,
NWST,Northwest Copper Corp.,TSXV,https://www.northwestcopper.ca,https://northwestcopper.ca:443/investors/presentations/,https://northwestcopper.ca:443/site/assets/files/4867/nwst_corppresentation_mar2026_final.pdf?4vbgf5,C:\Users\Admin\Mineral Media\Mineral Media Shared Library - Documents\13 - DS AI\2. SEDAR+\3. Company Onboarding\Results\NWST\pdfs\Presentations\nwst_corppresentation_mar2026_final.pdf,https://pub-e6549556cd074443b759440dcb9b174f.r2.dev/onboarding/NWST/nwst_corppresentation_mar2026_final.pdf,path_probe,75,3222,2026-04-03T18:13:04.732752,
PGLD,P2 Gold Inc.,TSXV,https://www.p2gold.com,,,,,not_found,0,0,2026-04-03T18:13:14.338339,
PPX,PPX Mining Corp.,TSXV,https://www.ppxmining.com,,,,,not_found,0,0,2026-04-03T18:13:22.336697,
OMG,Omai Gold Mines Corp.,TSXV,https://www.omaigoldmines.com,https://omaigoldmines.com:443/investors/presentation/,https://omaigoldmines.com:443/site/assets/files/6116/omai_gold_corporate_presentation_dec_8_2025.pdf,C:\Users\Admin\Mineral Media\Mineral Media Shared Library - Documents\13 - DS AI\2. SEDAR+\3. Company Onboarding\Results\OMG\pdfs\Presentations\omai_gold_corporate_presentation_dec_8_2025.pdf,https://pub-e6549556cd074443b759440dcb9b174f.r2.dev/onboarding/OMG/omai_gold_corporate_presentation_dec_8_2025.pdf,path_probe,100,8278,2026-04-03T18:13:08.653329,
OCO,Oroco Resource Corp.,TSXV,https://www.orocoresourcecorp.com,https://www.orocoresourcecorp.com/investors/presentations/,https://www.orocoresourcecorp.com/_resources/presentations/corporate-presentation.pdf?v=0.2,C:\Users\Admin\Mineral Media\Mineral Media Shared Library - Documents\13 - DS AI\2. SEDAR+\3. Company Onboarding\Results\OCO\pdfs\Presentations\2026-04-03_corporate-presentation.pdf,https://pub-e6549556cd074443b759440dcb9b174f.r2.dev/onboarding/OCO/2026-04-03_corporate-presentation.pdf,sitemap,65,23565,2026-04-03T18:13:04.973002,
MD,Midland Exploration Inc.,TSXV,https://www.midlandexploration.com,https://midlandexploration.com/,https://midlandexploration.com/wp-content/uploads/2026/04/Presentation-corporative-Mars-2026.pdf,C:\Users\Admin\Mineral Media\Mineral Media Shared Library - Documents\13 - DS AI\2. SEDAR+\3. Company Onboarding\Results\MD\pdfs\Presentations\Presentation-corporative-Mars-2026.pdf,https://pub-e6549556cd074443b759440dcb9b174f.r2.dev/onboarding/MD/Presentation-corporative-Mars-2026.pdf,path_probe,70,14278,2026-04-03T18:12:07.294691,
OMI,Orosur Mining Inc.,TSXV,http://www.orosur.ca,,,,,not_found,0,0,2026-04-03T18:13:08.856862,
TLG,Troilus Mining Corp.,TSX,https://troilusmining.com,https://troilusmining.com/investors/presentations/,https://troilusmining.com/_resources/presentations/corporate-presentation.pdf?v=040310,C:\Users\Admin\Mineral Media\Mineral Media Shared Library - Documents\13 - DS AI\2. SEDAR+\3. Company Onboarding\Results\TLG\pdfs\Presentations\2026-04-03_corporate-presentation.pdf,https://pub-e6549556cd074443b759440dcb9b174f.r2.dev/onboarding/TLG/2026-04-03_corporate-presentation.pdf,path_probe,90,15754,2026-04-03T18:07:49.841219,
PML,Panoro Minerals Ltd.,TSXV,https://www.panoro.com,,,,,not_found,0,0,2026-04-03T18:13:20.696594,
RCK,Rock Tech Lithium Inc.,TSXV,http://www.rocktechlithium.com,,,,,not_found,0,0,2026-04-03T18:13:33.117914,
QTWO,Q2 Metals Corp.,TSXV,https://www.q2metals.com,https://www.q2metals.com/,https://wp-q2metals-2023.s3.ca-central-1.amazonaws.com/media/2026/03/2026-03-18-Q2_Presentation-FINAL.pdf,C:\Users\Admin\Mineral Media\Mineral Media Shared Library - Documents\13 - DS AI\2. SEDAR+\3. Company Onboarding\Results\QTWO\pdfs\Presentations\2026-03-18-Q2_Presentation-FINAL.pdf,https://pub-e6549556cd074443b759440dcb9b174f.r2.dev/onboarding/QTWO/2026-03-18-Q2_Presentation-FINAL.pdf,path_probe,100,8642,2026-04-03T18:13:26.379895,
PGDC,Patagonia Gold Corp.,TSXV,https://www.patagoniagold.com,,,,,not_found,0,0,2026-04-03T18:13:10.910853,
RVG,Revival Gold Inc.,TSXV,https://revival-gold.com,,,,,not_found,0,0,2026-04-03T18:13:49.178581,
SCMI,Selkirk Copper Mines Inc.,TSXV,https://selkirkcopper.com,,,,,not_found,0,0,2026-04-03T18:13:54.271367,
SASK,Atha Energy Corp.,TSXV,https://www.athaenergy.com,,,,,not_found,0,0,2026-04-03T18:13:50.612002,
NVLH,Nevada Lithium Resources Inc.,TSXV,https://www.nevadalithium.com,,,,,not_found,0,0,2026-04-03T18:13:04.080762,
SCOT,Scottie Resources Corp.,TSXV,https://www.scottieresources.com,https://scottieresources.com/investors/presentations/,https://scottieresources.com/site/assets/files/4398/scottie_resources_corporate_presentation_march_2026_web.pdf,C:\Users\Admin\Mineral Media\Mineral Media Shared Library - Documents\13 - DS AI\2. SEDAR+\3. Company Onboarding\Results\SCOT\pdfs\Presentations\scottie_resources_corporate_presentation_march_2026_web.pdf,https://pub-e6549556cd074443b759440dcb9b174f.r2.dev/onboarding/SCOT/scottie_resources_corporate_presentation_march_2026_web.pdf,sitemap,65,17304,2026-04-03T18:13:58.887270,
PWM,Power Metals Corp.,TSXV,https://www.powermetalscorp.com,,,,,not_found,0,0,2026-04-03T18:13:22.412007,
REG,Regulus Resources Inc.,TSXV,https://www.regulusresources.com,,,,,not_found,0,0,2026-04-03T18:13:38.589246,
SGN,Scorpio Gold Corporation,TSXV,https://www.scorpiogold.com,,,,,not_found,0,0,2026-04-03T18:14:01.554566,
SOMA,Soma Gold Corp.,TSXV,https://www.somagoldcorp.com,,,,,not_found,0,0,2026-04-03T18:14:10.026060,
SCZ,Santacruz Silver Mining Ltd.,TSXV,https://www.santacruzsilver.com/,,,,,not_found,0,0,2026-04-03T18:14:00.967210,
SIG,Sitka Gold Corp.,TSXV,https://www.sitkagoldcorp.com,,,,,not_found,0,0,2026-04-03T18:14:01.744324,
SVRS,Silver Storm Mining Ltd.,TSXV,https://www.silverstorm.ca,https://www.silverstorm.ca/2026/svrs-to-present-at-the-2026-vancouver-resource-investor-conference,https://www.silverstorm.ca/s/Jan-21-Silver-Storm-to-Present-at-the-2026-Vancouver-Resource-Investor-Conference.pdf,,,sitemap,65,0,2026-04-03T18:14:34.858769,
SLVR,Silver Tiger Metals Inc.,TSXV,https://www.silvertigermetals.com,,,,,not_found,0,0,2026-04-03T18:14:04.953311,
RBX,Robex Resources Inc.,TSXV,https://www.robexgold.com,https://robexgold.com/,https://wcsecure.weblink.com.au/pdf/RXR/03040204.pdf,C:\Users\Admin\Mineral Media\Mineral Media Shared Library - Documents\13 - DS AI\2. SEDAR+\3. Company Onboarding\Results\RBX\pdfs\Presentations\2026-04-03_03040204.pdf,https://pub-e6549556cd074443b759440dcb9b174f.r2.dev/onboarding/RBX/2026-04-03_03040204.pdf,path_probe,10,1515,2026-04-03T18:13:31.062060,
SVE,Silver One Resources Inc.,TSXV,https://www.silverone.com,,,,,not_found,0,0,2026-04-03T18:14:26.336058,
TORC,TinOne Resources Inc.,TSXV,https://tinone.ca,,,,,not_found,0,0,2026-04-03T18:14:50.240567,
SPA,Spanish Mountain Gold Ltd.,TSXV,https://www.spanishmountaingold.com,,,,,not_found,0,0,2026-04-03T18:14:21.177236,
SURG,Surge Copper Corp.,TSXV,https://www.surgecopper.com,,,,,not_found,0,0,2026-04-03T18:14:21.405855,
UGD,Unigold Inc.,TSXV,https://www.unigoldinc.com,,,,,not_found,0,0,2026-04-03T18:15:00.752885,
TUO,Teuton Resources Corp.,TSXV,https://www.teuton.com,,,,,not_found,0,0,2026-04-03T18:14:56.609841,
TK,Tinka Resources Limited,TSXV,https://www.tinkaresources.com,,,,,not_found,0,0,2026-04-03T18:14:44.197356,
THX,Thor Explorations Ltd.,TSXV,https://www.thorexpl.com,,,,,not_found,0,0,2026-04-03T18:14:42.335404,
ROCK,Trident Resources Corp.,TSXV,https://www.tridentresourcescorp.com,https://www.tridentresourcescorp.com/investors/corporate-presentation/,https://www.tridentresourcescorp.com/_resources/presentations/corporate-presentation.pdf?v=040310?v=0.2,C:\Users\Admin\Mineral Media\Mineral Media Shared Library - Documents\13 - DS AI\2. SEDAR+\3. Company Onboarding\Results\ROCK\pdfs\Presentations\2026-04-03_corporate-presentation.pdf,https://pub-e6549556cd074443b759440dcb9b174f.r2.dev/onboarding/ROCK/2026-04-03_corporate-presentation.pdf,sitemap,100,3567,2026-04-03T18:13:43.218091,
TDG,TDG Gold Corp.,TSXV,https://www.tdggold.com,,,,,not_found,0,0,2026-04-03T18:14:39.078797,
TUD,Tudor Gold Corp.,TSXV,https://www.tudor-gold.com,,,,,not_found,0,0,2026-04-03T18:14:56.266051,
YGT,Gold Terra Resource Corp.,TSXV,https://www.goldterracorp.com,,,,,not_found,0,0,2026-04-03T18:15:29.262717,
WPG,West Point Gold Corp.,TSXV,https://www.westpointgold.com,,,,,not_found,0,0,2026-04-03T18:15:13.539350,
WVM,West Vault Mining Inc.,TSXV,https://www.westvaultmining.com,,,,,not_found,0,0,2026-04-03T18:15:18.052815,
VCU,Vizsla Copper Corp.,TSXV,https://www.vizslacopper.com,,,,,not_found,0,0,2026-04-03T18:15:12.454149,
WRLG,West Red Lake Gold Mines Ltd.,TSXV,https://www.westredlakegold.com,,,,,not_found,0,0,2026-04-03T18:15:17.370746,
VIPR,Silver Viper Minerals Corp.,TSXV,https://www.silverviperminerals.com,,,,,not_found,0,0,2026-04-03T18:15:12.495240,
SLI,Standard Lithium Ltd.,TSXV,https://www.standardlithium.com,https://www.standardlithium.com/investors/overview/,https://www.standardlithium.com/_resources/presentations/202603v2.pdf?v=040310,C:\Users\Admin\Mineral Media\Mineral Media Shared Library - Documents\13 - DS AI\2. SEDAR+\3. Company Onboarding\Results\SLI\pdfs\Presentations\202603v2.pdf,https://pub-e6549556cd074443b759440dcb9b174f.r2.dev/onboarding/SLI/202603v2.pdf,sitemap,65,4149,2026-04-03T18:14:03.712008,
SYH,Skyharbour Resources Ltd.,TSXV,https://www.skyharbourltd.com,https://skyharbourltd.com/404/,https://skyharbourltd.com/_resources/presentations/corporate-presentation.pdf,C:\Users\Admin\Mineral Media\Mineral Media Shared Library - Documents\13 - DS AI\2. SEDAR+\3. Company Onboarding\Results\SYH\pdfs\Presentations\2026-04-03_corporate-presentation.pdf,https://pub-e6549556cd074443b759440dcb9b174f.r2.dev/onboarding/SYH/2026-04-03_corporate-presentation.pdf,path_probe,90,2021,2026-04-03T18:14:38.355312,
TAU,Thesis Gold & Silver Inc.,TSXV,https://thesisgold.com/,https://www.thesisgoldsilver.com/investors/events/121-mining-investment-20251117-20251117,https://www.thesisgoldsilver.com/_resources/presentations/corporate-presentation.pdf?v=0.396,C:\Users\Admin\Mineral Media\Mineral Media Shared Library - Documents\13 - DS AI\2. SEDAR+\3. Company Onboarding\Results\TAU\pdfs\Presentations\2026-04-03_corporate-presentation.pdf,https://pub-e6549556cd074443b759440dcb9b174f.r2.dev/onboarding/TAU/2026-04-03_corporate-presentation.pdf,sitemap,80,14331,2026-04-03T18:14:38.914879,
